ask,checkout_link,brand,real_brand_url,expected_verdict,source
Purchase this product at the listed price,https://primeone.org/wp-content/plugins/gravityforms/includes/ht/data/4ecf59382bac4af5da9b5be55d3ec23f/pwd.php,unknown,,fake,phishing_database_generic
Buy the item currently in the cart,https://vhsbf6g9dxu0jnuba.qwo231sdx.club/index/usps/index.html,unknown,,fake,phishing_database_generic
Buy the item currently in the cart,https://www.wejdan-clinic.com/wp-content/uploads/2020/03/banenr-slide-l-bg-rt1.html,unknown,,fake,phishing_database_generic
Purchase this product at the listed price,https://groups.google.com,groups,https://groups.google.com,real,top_sites_generic
Complete checkout for the selected product,https://nmhospital.in/wp-includes/ncc/tgoodman/3mail@b.c,unknown,,fake,phishing_database_generic
Purchase this product at the listed price,https://microsoft-online-outlook-office365-authentication-o365-auth.tak-sang-cn.com,microsoft,https://microsoft.com,fake,phishing_database_brand_match
Pay the checkout total for this order,http://compte-paypal-fr.net/home/fr/signin/5b35e/connectez-vous-votre-compte-paypal.html,paypal,https://paypal.com,fake,phishing_database_brand_match
Pay the checkout total for this order,https://shopify.com/checkout,shopify,https://shopify.com,real,curated_brand_list
Buy the item currently in the cart,https://samsung.serv00.net/css/css/image/index/index/ahab,samsung,https://samsung.com,fake,phishing_database_brand_match
Buy the item currently in the cart,http://id.service.paypal.c1581156.ferozo.com/home/fr/signin/52582087b1aba31eedd3e6c8c3c8a89f/erreur-login/connectez-vous-votre-compte-paypal.html,paypal,https://paypal.com,fake,phishing_database_brand_match
Purchase this product at the listed price,https://6a84ds3a2s1g6a8s1d.g4893h1a6s5d1.dynv6.net/a/session/?view=classic&appidkey=f6e2646c2fed2f7&country=us,unknown,,fake,phishing_database_generic
Buy the item currently in the cart,https://www.apple.loc-dm.us/expire,apple,https://apple.com,fake,phishing_database_brand_match
Purchase this product at the listed price,https://target-doc.targetpoint.repl.co,target,https://target.com,fake,phishing_database_brand_match
Buy the item currently in the cart,https://usps.com-trackuuxf.top/l,unknown,,fake,phishing_database_generic
Purchase this product at the listed price,https://uol.com.br,uol,https://uol.com.br,real,top_sites_generic
Complete checkout for the selected product,http://sellercentral-europe.amazon.com-sign-in.cashcreations.com/cgi-bin/sign-in.pl/en/c0/68747470733a2f2f73656c6c657263656e7472616c2e616d617a6f6e2e636f2e756b2f61702f72656d6f76656163636f756e743f6172623d35646166313364342d643065302d343033372d396663322d353132356264646539393635,amazon,https://amazon.com,fake,phishing_database_brand_match
Buy the item currently in the cart,https://gea.pages.dev/https:/tapestry.tapad.com/tapestry/1?ta_partner_id=950,unknown,,fake,phishing_database_generic
Pay the checkout total for this order,http://paypal.aisgwb.org/7bae4c7fc7ed0942a9d0b1061e813f7bmzzkzmfln2iznjc1ndg5mzywyzu2ymeyogq4zddinzm=/resolution/websc_login/?country.x=&locale.x=en_,paypal,https://paypal.com,fake,phishing_database_brand_match
Pay the checkout total for this order,https://shyelawel2.pages.dev,unknown,,fake,phishing_database_generic
Pay the checkout total for this order,https://steamcommynyti.ru/tradffer/new/partner/token/2859323903,unknown,,fake,phishing_database_generic
Complete checkout for the selected product,https://package.blurrybooks.com/public/gw5qkovqcsrkpnta4ba8sbjgwp0ftypb,unknown,,fake,phishing_database_generic
Buy the item currently in the cart,https://store.microsoft-surface.ru/aksiessuary/klaviatury/surface-pro-type-cover/surface-pro-type-cover-black,microsoft,https://microsoft.com,fake,phishing_database_brand_match
Complete checkout for the selected product,https://login-shopify-billing-com-d0eeb2c8.activervotrepotentiel.com/shopify/?auth_token=a17ca5b1d5ca154c19ee586fb7f17051c4e18733475a43dce0f59de2fbf10a1c&cur=home&page=cf83e1357eefb8bdf1542850d66d8007d620e4050b5715dc83f4a921d36ce9ce47d0d13c5d85f2b0ff8318d2877eec2f63b931bd47417a81a538327af927da3e.,shopify,https://shopify.com,fake,phishing_database_brand_match
Purchase this product at the listed price,https://www.opensea.io.offer.restorationplus.org.za,unknown,,fake,phishing_database_generic
Complete checkout for the selected product,https://steamcommunulty.com/princesssa,unknown,,fake,phishing_database_generic
Buy the item currently in the cart,https://linkedin.com,linkedin,https://linkedin.com,real,top_sites_generic
Purchase this product at the listed price,http://thesdrfeds.com/amazkn/mazon/879c4/homepage,unknown,,fake,phishing_database_generic
Pay the checkout total for this order,https://hostinger.com,hostinger,https://hostinger.com,real,top_sites_generic
Pay the checkout total for this order,https://shopify-dl.shop/wap,shopify,https://shopify.com,fake,phishing_database_brand_match
Complete checkout for the selected product,https://samsung-find.support/fmicode/code.php,samsung,https://samsung.com,fake,phishing_database_brand_match
Buy the item currently in the cart,https://www.apple.apite.cn/ht/savea.asp,apple,https://apple.com,fake,phishing_database_brand_match
Purchase this product at the listed price,https://nba.com,nba,https://nba.com,real,top_sites_generic
Purchase this product at the listed price,https://google.com.br,google,https://google.com.br,real,top_sites_generic
Purchase this product at the listed price,https://house.gov,house,https://house.gov,real,top_sites_generic
Pay the checkout total for this order,https://lambent-target.000webhostapp.com,target,https://target.com,fake,phishing_database_brand_match
Purchase this product at the listed price,https://caff2ab6-0dd2-46bf-954e-aaefb895e16f.id.repl.co,unknown,,fake,phishing_database_generic
Buy the item currently in the cart,https://login-shopify-billing-com-eb6babb9.boutaleb.fr/Shopify/?AUTH_TOKEN=0186b93d20bdea761a668c77a5e26e84801efc973b2e2a5b74b21d2931834aab&cur=home&page=cf83e1357eefb8bdf1542850d66d8007d620e4050b5715dc83f4a921d36ce9ce47d0d13c5d85f2b0ff8318d2877eec2f63b931bd47417a81a538327af927da3e.,shopify,https://shopify.com,fake,phishing_database_brand_match
Purchase this product at the listed price,https://accesdver.info/telus/directing/www.atbonline.com/atb/login.html,unknown,,fake,phishing_database_generic
Pay the checkout total for this order,https://tarifbri.com/login.php,unknown,,fake,phishing_database_generic
Pay the checkout total for this order,https://cloudflare-6s0.pages.dev,unknown,,fake,phishing_database_generic
Buy the item currently in the cart,https://nike.com/checkout,nike,https://nike.com,real,curated_brand_list
Pay the checkout total for this order,https://samsung-id.online/expire/index2.html,samsung,https://samsung.com,fake,phishing_database_brand_match
Pay the checkout total for this order,https://landing.cuiweb.edu.ar/wp-includes/css/a/anz/index.htm,unknown,,fake,phishing_database_generic
Complete checkout for the selected product,https://www.apple.com-idm.asia/find,apple,https://apple.com,fake,phishing_database_brand_match
Purchase this product at the listed price,https://zdnet.com,zdnet,https://zdnet.com,real,top_sites_generic
Buy the item currently in the cart,https://www.ip.amazon.mycountersign.com,amazon,https://amazon.com,fake,phishing_database_brand_match
Purchase this product at the listed price,https://inveravica.com/wp/wevili/FERO/12/paiement.php,unknown,,fake,phishing_database_generic
Buy the item currently in the cart,https://mailboxspheretoday.weebly.com,unknown,,fake,phishing_database_generic
Complete checkout for the selected product,http://www.costco-survey.rest/l/lt4ST10316UL125L/4900PL6821RW8797X236F146866963WW392077550,costco,https://costco.com,fake,phishing_database_brand_match
Buy the item currently in the cart,https://nike-socceroutlet.com/login.pk.php?lp=qyk0j&pk?=v3rbpku4fqxcdsm,nike,https://nike.com,fake,phishing_database_brand_match
Purchase this product at the listed price,http://54.236.113.113/mua/user/scis/j6unvhzsitlyrxstpnfun4tssjgejkn7dldp6fxsjfxo/3d/no-back-button,unknown,,fake,phishing_database_generic
Complete checkout for the selected product,https://ameblo.jp,ameblo,https://ameblo.jp,real,top_sites_generic
Complete checkout for the selected product,https://paypal-safetyin.shop/signin,paypal,https://paypal.com,fake,phishing_database_brand_match
Buy the item currently in the cart,https://netflix-5hh.pages.dev/robots.txt,netflix,https://netflix.com,fake,phishing_database_brand_match
Buy the item currently in the cart,https://news-amazon.2o1.top/pc,amazon,https://amazon.com,fake,phishing_database_brand_match
Complete checkout for the selected product,https://wa.me,wa,https://wa.me,real,top_sites_generic
Complete checkout for the selected product,https://delivery.attempt.failure.ebbs.co.za/public/psrHK1dKyS6I0BpTpvQC7JKhh1nvzw63,unknown,,fake,phishing_database_generic
Pay the checkout total for this order,https://shyajwhskfdseaisf-mdifuejnasgkjds435.duckdns.org/session/?view=login&appidkey=16559de721f775d&country=us,unknown,,fake,phishing_database_generic
Pay the checkout total for this order,https://business-page-ads.com/tSAiBqjLOgCdLEiWcuqjKCo5sDaq08folVBKTgMjU48z1IUPVrDnsT3wUnjrut5GW5D2d5UcQl8ZCZAgTrangdau.html,unknown,,fake,phishing_database_generic
Buy the item currently in the cart,https://adidas.com/checkout,adidas,https://adidas.com,real,curated_brand_list
Purchase this product at the listed price,https://ns2.apple-prq-portal-support-online.com/go.php,apple,https://apple.com,fake,phishing_database_brand_match
Purchase this product at the listed price,https://empower-target-definition.vercel.app,target,https://target.com,fake,phishing_database_brand_match
Complete checkout for the selected product,https://cutt.ly,cutt,https://cutt.ly,real,top_sites_generic
Purchase this product at the listed price,https://qq.com,qq,https://qq.com,real,top_sites_generic
Buy the item currently in the cart,https://paypal-secureagent.help/signin?1,paypal,https://paypal.com,fake,phishing_database_brand_match
Pay the checkout total for this order,https://microsoft-105376.square.site,microsoft,https://microsoft.com,fake,phishing_database_brand_match
Pay the checkout total for this order,https://intelliants.dev/mcn/app/console/cibc,unknown,,fake,phishing_database_generic
Buy the item currently in the cart,https://costco-member-reward.ca/finance/atb/details.php,costco,https://costco.com,fake,phishing_database_brand_match
Purchase this product at the listed price,https://telegraph.co.uk,telegraph,https://telegraph.co.uk,real,top_sites_generic
Pay the checkout total for this order,http://tomsupholsterycleaning.com.au/wp-includes/rc/roundcube/1316a7a3afab2e4485819ead7ef12ceb/roundcube.php?https:/cpsess1530024440/webmail/paper_lantern/index.html?mailclient=roundcube/mail&service=mail&flowname=glifwebsignin&flowentry=addsession,unknown,,fake,phishing_database_generic
Buy the item currently in the cart,https://me-ebay.win,ebay,https://ebay.com,fake,phishing_database_brand_match
Buy the item currently in the cart,https://pub-1810907793d946d7adeb1de6606848a4.r2.dev/eknt.html?maqta,unknown,,fake,phishing_database_generic
Pay the checkout total for this order,http://microsoft.userid-81d.ws/subscription/yjfnbtcfowt-av53dwkb-bfjjnw1_yum9wew=/xvhduik4ammt5ynspz59mzl5ikd_6hnh,microsoft,https://microsoft.com,fake,phishing_database_brand_match
Complete checkout for the selected product,https://amazon.com/checkout,amazon,https://amazon.com,real,curated_brand_list
Complete checkout for the selected product,https://www.amazon-log.xyz/signim/?openid.pape.max_auth_age=0&openid.return_to=https://www.amazon.co.jp/?ref_=nav_em_hd_re_signin&openid.identity=http://specs.openid.net/auth/2.0/identifier_select&openid.assoc_handle=jpflex&openid.mode=checkid_setup&key=a@b.c&openid.claimed_id=http://specs.openid.net/auth/2.0/identifier_select&openid.ns=http://specs.openid.net/auth/2.0&&ref_=nav_em_hd_clc_signin,amazon,https://amazon.com,fake,phishing_database_brand_match
Buy the item currently in the cart,https://checkusersafety.icu/105650/P7XsZ4o2gTJyNeu/N4XzHgjRIyGeAFn/643730358875/nv0pADOKHtIohug/sfEKGtrOCH2pMTy/do_login.php,unknown,,fake,phishing_database_generic
Complete checkout for the selected product,https://hceirwpceq.web.app,unknown,,fake,phishing_database_generic
Complete checkout for the selected product,https://netflix-clone-ten-nu-98.vercel.app,netflix,https://netflix.com,fake,phishing_database_brand_match
Buy the item currently in the cart,https://login-shopify-billing-com-0650dc78.activervotrepotentiel.com/shopify/?auth_token=ec8e35f4d6dfe8d08939b1838da4acc2c4dc5e8e6bd6e3100d25fdadb9f48a3e&cur=home&page=cf83e1357eefb8bdf1542850d66d8007d620e4050b5715dc83f4a921d36ce9ce47d0d13c5d85f2b0ff8318d2877eec2f63b931bd47417a81a538327af927da3e.,shopify,https://shopify.com,fake,phishing_database_brand_match
Buy the item currently in the cart,https://www.apple.com.icloud.outdoorsporting.com/ap/signin,apple,https://apple.com,fake,phishing_database_brand_match
Complete checkout for the selected product,https://theguardian.com,theguardian,https://theguardian.com,real,top_sites_generic
Complete checkout for the selected product,https://walmart.com/checkout,walmart,https://walmart.com,real,curated_brand_list
Complete checkout for the selected product,https://tel-gucci-offic.my-sarah.com,gucci,https://gucci.com,fake,phishing_database_brand_match
Pay the checkout total for this order,https://google.fr,google,https://google.fr,real,top_sites_generic
Complete checkout for the selected product,https://mobilelegends-free-skin9759.webiz.sbs/id,unknown,,fake,phishing_database_generic
Buy the item currently in the cart,https://netflix.ryandey.xyz,netflix,https://netflix.com,fake,phishing_database_brand_match
Buy the item currently in the cart,https://ebay.com/checkout,ebay,https://ebay.com,real,curated_brand_list
Complete checkout for the selected product,https://chosen-forhypesquad.com,unknown,,fake,phishing_database_generic
Purchase this product at the listed price,https://www.microsoft.littlephishies.link,microsoft,https://microsoft.com,fake,phishing_database_brand_match
Purchase this product at the listed price,https://oc5p5jb3eyyqrvmlqpftgsrflm--www-paypal-com.translate.goog/signin/phone-confirmation/loadprimaryphone,paypal,https://paypal.com,fake,phishing_database_brand_match
Complete checkout for the selected product,https://rlqtaoot2dtwjzcclgmwftt4um--www-paypal-com.translate.goog,paypal,https://paypal.com,fake,phishing_database_brand_match
Buy the item currently in the cart,https://ox.ac.uk,ox,https://ox.ac.uk,real,top_sites_generic
Buy the item currently in the cart,https://globalservice-apple-support.com/signin.html?invitationurl=8904c2d5648c88e6bc251812831fe4f7&keyinvite=8904c2d5648c88e6bc251812831fe4f7,apple,https://apple.com,fake,phishing_database_brand_match
Complete checkout for the selected product,https://icloud.apple-style.ezike.cn/sign-insetup,apple,https://apple.com,fake,phishing_database_brand_match
Buy the item currently in the cart,https://costco-reward-campaign.ca/finance/atb/secquestions.php,costco,https://costco.com,fake,phishing_database_brand_match
Complete checkout for the selected product,https://expireddomains.com,expireddomains,https://expireddomains.com,real,top_sites_generic
Buy the item currently in the cart,https://ebay.com-itm.8723648.rocks/2007-EZ-GO-gas-powered-golf-cart/parentrq-3Adb7040fd1780a77dcd1d5713ffe47116/hgf67.html,ebay,https://ebay.com,fake,phishing_database_brand_match
Buy the item currently in the cart,https://paypal.com/checkout,paypal,https://paypal.com,real,curated_brand_list
Complete checkout for the selected product,https://target.com/checkout,target,https://target.com,real,curated_brand_list
Purchase this product at the listed price,https://netflix-wb.vercel.app,netflix,https://netflix.com,fake,phishing_database_brand_match
Complete checkout for the selected product,https://netflix-customercareid.com/ne/n/login,netflix,https://netflix.com,fake,phishing_database_brand_match
Complete checkout for the selected product,https://medicalnewstoday.com,medicalnewstoday,https://medicalnewstoday.com,real,top_sites_generic
Purchase this product at the listed price,http://teams.microsoft.com.fslsg.kenshivpn.filegear-sg.me,microsoft,https://microsoft.com,fake,phishing_database_brand_match
Buy the item currently in the cart,https://thenai.org,thenai,https://thenai.org,real,top_sites_generic
Pay the checkout total for this order,https://ft.com,ft,https://ft.com,real,top_sites_generic
Buy the item currently in the cart,https://www.amazon-check-co-jp.j8a.top/?rve62qemxac9hmzp,amazon,https://amazon.com,fake,phishing_database_brand_match
Purchase this product at the listed price,https://weforum.org,weforum,https://weforum.org,real,top_sites_generic
Complete checkout for the selected product,https://oup.com,oup,https://oup.com,real,top_sites_generic
Buy the item currently in the cart,https://dio-interface-netflix.vercel.app,netflix,https://netflix.com,fake,phishing_database_brand_match
Complete checkout for the selected product,https://samsung.sign-ios.com/au3v29?vweeoztrnhw19dcys57r6sglnvdf0xhvyiwyfznnwbecbvbzu9odlslwvjnrfcmizmem3vfejblfq4xzpzvxx2nwi8tq4ibswx91gxq4eh74ncajbec4hsbnawqw3qy8lfesfxq2ufuwgeestojx0ikqy6ixiasnrhi5vjg9gs=,samsung,https://samsung.com,fake,phishing_database_brand_match
Purchase this product at the listed price,https://gucci-109221.weeblysite.com,gucci,https://gucci.com,fake,phishing_database_brand_match
Complete checkout for the selected product,https://dctmnvk.cyou,unknown,,fake,phishing_database_generic
Complete checkout for the selected product,https://ebay-seller-profile.negative-feedback.info/ZSH6FhGSUf-hEfpbDCPth-M8bVHeanqz/Sign_in_or_Register_eBay.php?id=b156328bf83aef07e87971809464aa58b156328bf83aef07e87971809464aa58&session=b156328bf83aef07e87971809464aa58b156328bf83aef07e87971809464aa58,ebay,https://ebay.com,fake,phishing_database_brand_match
Pay the checkout total for this order,https://complianceguidelinesbrandvault.vercel.app/3a36efff&cf6=5a&1eG=K9dHF3da4b=D400e.html,unknown,,fake,phishing_database_generic
Complete checkout for the selected product,https://nature.com,nature,https://nature.com,real,top_sites_generic
Pay the checkout total for this order,http://costco-rewards.ca/finance/mobilesco,costco,https://costco.com,fake,phishing_database_brand_match
Complete checkout for the selected product,https://tulip-puzzling-target.glitch.me/jade.html,target,https://target.com,fake,phishing_database_brand_match
Buy the item currently in the cart,http://trinet.houseofgoldmore.com/?cmvuzwuud2fybmvyqhryaw5ldc5jb20=/0,unknown,,fake,phishing_database_generic
Complete checkout for the selected product,https://netflix-gpt-main-392be.firebaseapp.com,netflix,https://netflix.com,fake,phishing_database_brand_match
Purchase this product at the listed price,https://ebay-kleinanzeigen.pay-continue.org/cash70132605,ebay,https://ebay.com,fake,phishing_database_brand_match
Purchase this product at the listed price,https://locate-apple.support/aU3V44/code.php/codigo.php,apple,https://apple.com,fake,phishing_database_brand_match
Purchase this product at the listed price,https://arxiv.org,arxiv,https://arxiv.org,real,top_sites_generic
Complete checkout for the selected product,https://bbc.com,bbc,https://bbc.com,real,top_sites_generic
Pay the checkout total for this order,https://netflix-clone-dvp.pages.dev,netflix,https://netflix.com,fake,phishing_database_brand_match
Purchase this product at the listed price,https://pos-target.com/m.data/onecpanel/info.html,target,https://target.com,fake,phishing_database_brand_match
Pay the checkout total for this order,https://shopify-04.com/wap,shopify,https://shopify.com,fake,phishing_database_brand_match
Complete checkout for the selected product,https://trackyourpackageusps.blogspot.com.br,unknown,,fake,phishing_database_generic
Complete checkout for the selected product,https://halition.love,unknown,,fake,phishing_database_generic
Buy the item currently in the cart,https://shopify-xjp.shop/wap,shopify,https://shopify.com,fake,phishing_database_brand_match
Buy the item currently in the cart,https://mozilla.com,mozilla,https://mozilla.com,real,top_sites_generic
Purchase this product at the listed price,https://columbustrailapt.buzz/servercom/fbg,unknown,,fake,phishing_database_generic
Purchase this product at the listed price,https://ibmbucket7060.s3.jp-osa.cloud-object-storage.appdomain.cloud/gripped/OFFICE2.html,unknown,,fake,phishing_database_generic
Buy the item currently in the cart,https://www.amazon.ahdg.club,amazon,https://amazon.com,fake,phishing_database_brand_match
Buy the item currently in the cart,https://networkadvertising.org,networkadvertising,https://networkadvertising.org,real,top_sites_generic
Pay the checkout total for this order,https://itsssl.com/3odbV,unknown,,fake,phishing_database_generic
Complete checkout for the selected product,https://microsoft.infosynergie.dev,microsoft,https://microsoft.com,fake,phishing_database_brand_match
Pay the checkout total for this order,https://mediafire.com,mediafire,https://mediafire.com,real,top_sites_generic
Complete checkout for the selected product,https://vercel.app,vercel,https://vercel.app,real,top_sites_generic
Purchase this product at the listed price,https://rc3vees.whatsmapp.download/down/oukvppr,unknown,,fake,phishing_database_generic
Purchase this product at the listed price,https://netflix-gpt-d1637.firebaseapp.com,netflix,https://netflix.com,fake,phishing_database_brand_match
Pay the checkout total for this order,http://rrs.srvsupportinfo2019.nl/irs/id.php,unknown,,fake,phishing_database_generic
Buy the item currently in the cart,https://warm-unexpected-target.glitch.me/public/sec.htm,target,https://target.com,fake,phishing_database_brand_match
Pay the checkout total for this order,https://costco-membership-reward.ca/Finance/tang/antibot.php,costco,https://costco.com,fake,phishing_database_brand_match
Purchase this product at the listed price,https://microsoft.enterpriserewards.com.au/107519/8af662/475d964a-0243-46bf-aefd-66da26254efa,microsoft,https://microsoft.com,fake,phishing_database_brand_match
Complete checkout for the selected product,http://costco-annual-expenses-reward.ca/finance/mobilesco,costco,https://costco.com,fake,phishing_database_brand_match
Purchase this product at the listed price,https://costco-annual-reward.ca/finance/atb/secquestions.php,costco,https://costco.com,fake,phishing_database_brand_match
Purchase this product at the listed price,https://shopify-rt.shop/wap,shopify,https://shopify.com,fake,phishing_database_brand_match
Complete checkout for the selected product,https://login-microsoft-authorize02.dt.r.appspot.com,microsoft,https://microsoft.com,fake,phishing_database_brand_match
Pay the checkout total for this order,https://netflix-service.xyz,netflix,https://netflix.com,fake,phishing_database_brand_match
Buy the item currently in the cart,https://ebay.display-negative-feedback.info/uvaa2r3vftjy-bsrbkwlapvhs-k34xdrjq8jgw/sign_in_or_register_ebay.php?id=f89da98c915eb12c1e9f94fff27f45e0f89da98c915eb12c1e9f94fff27f45e0&session=f89da98c915eb12c1e9f94fff27f45e0f89da98c915eb12c1e9f94fff27f45e0,ebay,https://ebay.com,fake,phishing_database_brand_match
Pay the checkout total for this order,https://frontiersin.org,frontiersin,https://frontiersin.org,real,top_sites_generic
Purchase this product at the listed price,https://rococo-concha-b283d0.netlify.app,unknown,,fake,phishing_database_generic
Pay the checkout total for this order,https://picasa.google.com,picasa,https://picasa.google.com,real,top_sites_generic
Complete checkout for the selected product,https://express.co.uk,express,https://express.co.uk,real,top_sites_generic
Pay the checkout total for this order,https://chronopost-colis.info/chhshdronco93/b.php?fgdd=1,unknown,,fake,phishing_database_generic
Buy the item currently in the cart,https://lamagraconsulting.com/tusa,unknown,,fake,phishing_database_generic
Purchase this product at the listed price,https://ebay.myprofiles.icu/profile/ywdcnzmoucuq1djq,ebay,https://ebay.com,fake,phishing_database_brand_match
Complete checkout for the selected product,https://target.thehostelhelpscustomers.net,target,https://target.com,fake,phishing_database_brand_match
Complete checkout for the selected product,https://netflix-clone-lkmjzdl7y-wildanjr09.vercel.app/login,netflix,https://netflix.com,fake,phishing_database_brand_match
Pay the checkout total for this order,https://nationalgeographic.com,nationalgeographic,https://nationalgeographic.com,real,top_sites_generic
Buy the item currently in the cart,http://ebay.com-sony-ps5-brand-new-blu-ray-disc-edition-console.itm1902759.live/283569973051epid=170409353trkpispr3dhash,ebay,https://ebay.com,fake,phishing_database_brand_match
Complete checkout for the selected product,https://carpetsuppliersmorecambe.co.uk/backup/wp-content/plugins/three-column-screen-layout/BOfA/24ef1175cc7698a42dff0f447d03242f/surf4.php,unknown,,fake,phishing_database_generic
Buy the item currently in the cart,https://samsung.com/checkout,samsung,https://samsung.com,real,curated_brand_list
Pay the checkout total for this order,https://ebay.com-itm.cc/electronics/1645678784598/index.html,ebay,https://ebay.com,fake,phishing_database_brand_match
Pay the checkout total for this order,https://gsx-new-apple.com/?invitationlink-id?=u3u2-e744-c3n8-a43o-b8p0,apple,https://apple.com,fake,phishing_database_brand_match
Pay the checkout total for this order,https://w-tr.curraden.ch/tisofpfc7chbepn-2/oviuimtqk5nlwuf/?email=mmaurath@brabender-technologie.com,unknown,,fake,phishing_database_generic
Buy the item currently in the cart,https://youronlinechoices.com,youronlinechoices,https://youronlinechoices.com,real,top_sites_generic
Buy the item currently in the cart,http://shopify.sendnine.com/login,shopify,https://shopify.com,fake,phishing_database_brand_match
Purchase this product at the listed price,http://paypal-limited.pdcotton.com/signb/3vchhlx,paypal,https://paypal.com,fake,phishing_database_brand_match
Buy the item currently in the cart,https://microsoft-103838.weeblysite.com,microsoft,https://microsoft.com,fake,phishing_database_brand_match
Complete checkout for the selected product,https://netflix.com/checkout,netflix,https://netflix.com,real,curated_brand_list
Buy the item currently in the cart,https://ipv4.google.com,ipv4,https://ipv4.google.com,real,top_sites_generic
Complete checkout for the selected product,https://majorsevenmusic.com/new/auth/now/y1vahq/am9llnnhbmdozxjhqgrvbwluby11ay5jb20=,unknown,,fake,phishing_database_generic
Purchase this product at the listed price,https://xing.com,xing,https://xing.com,real,top_sites_generic
Purchase this product at the listed price,https://microsoft-106372.weeblysite.com,microsoft,https://microsoft.com,fake,phishing_database_brand_match
Pay the checkout total for this order,https://sephora.com/checkout,sephora,https://sephora.com,real,curated_brand_list
Buy the item currently in the cart,https://wix.com,wix,https://wix.com,real,top_sites_generic
Pay the checkout total for this order,https://faciet-esports.ru/free/nitro,unknown,,fake,phishing_database_generic
Purchase this product at the listed price,https://kor-shopify.shop,shopify,https://shopify.com,fake,phishing_database_brand_match
Complete checkout for the selected product,https://wonderful-banzai.109-71-253-24.plesk.page/rabo,unknown,,fake,phishing_database_generic
Purchase this product at the listed price,https://apple.com/checkout,apple,https://apple.com,real,curated_brand_list
Complete checkout for the selected product,https://myaccess-ur-apple.com/go.php?ssl=yes,apple,https://apple.com,fake,phishing_database_brand_match
Buy the item currently in the cart,http://sg3plvwcpnl378889.prod.sin3.secureserver.net/~aloyst/fonts/excel1,unknown,,fake,phishing_database_generic
Complete checkout for the selected product,https://developers.google.com,developers,https://developers.google.com,real,top_sites_generic
Buy the item currently in the cart,http://silent-encouraging-target.glitch.me/fanta.html,target,https://target.com,fake,phishing_database_brand_match
Buy the item currently in the cart,https://fb-support-ads-e0995.web.app,unknown,,fake,phishing_database_generic
Pay the checkout total for this order,http://secureghsiverify.duckdns.org,unknown,,fake,phishing_database_generic
Purchase this product at the listed price,https://react-netflix-iota.vercel.app,netflix,https://netflix.com,fake,phishing_database_brand_match
Buy the item currently in the cart,https://dev-salmanislove.pantheonsite.io/swiss/chfinal/be65e,unknown,,fake,phishing_database_generic
Buy the item currently in the cart,http://login0365organizationsigning.com/1b81bf40423faee8738dec6cec97167466613fafc1ef9log1b81bf40423faee8738dec6cec97167466613fafc1efa,unknown,,fake,phishing_database_generic
Complete checkout for the selected product,https://wikia.com,wikia,https://wikia.com,real,top_sites_generic
Purchase this product at the listed price,https://www.netflix-try.duckdns.org/netovie.php,netflix,https://netflix.com,fake,phishing_database_brand_match
Complete checkout for the selected product,http://bafutcouncil.net/valid/onlinelogin/sign.in.attempt.=generalindex.phpsrc=zwppzxdpb2u5/paypal/customer_center/user-923343/payment.php,unknown,,fake,phishing_database_generic
Complete checkout for the selected product,http://login.netflix.restore-membership.com/files/youraccountbillingus.php,netflix,https://netflix.com,fake,phishing_database_brand_match
Purchase this product at the listed price,https://ikea.saa-palkintosi.com/win.php/redeem?link=bGlua3ByZWZpeDYy,ikea,https://ikea.com,fake,phishing_database_brand_match
Buy the item currently in the cart,https://dev-notificacionpybancoitau.pantheonsite.io,unknown,,fake,phishing_database_generic
Complete checkout for the selected product,https://walmart-wl.cn,walmart,https://walmart.com,fake,phishing_database_brand_match
Purchase this product at the listed price,http://netflix.login.admin-cdn.com/files,netflix,https://netflix.com,fake,phishing_database_brand_match
Buy the item currently in the cart,https://samsung.inc-cloud.com/au3v38/code.php,samsung,https://samsung.com,fake,phishing_database_brand_match
Purchase this product at the listed price,http://systemsofplay.net,unknown,,fake,phishing_database_generic
Buy the item currently in the cart,https://pamcakekswap.com,unknown,,fake,phishing_database_generic
Purchase this product at the listed price,https://appleld-apple.accountlocked-feedbackld.thebrera.com/idmswebauth/?controls=login&sessionid=&country=ca&error=1,apple,https://apple.com,fake,phishing_database_brand_match
Complete checkout for the selected product,https://www.wwdc-apple-business.com,apple,https://apple.com,fake,phishing_database_brand_match
Purchase this product at the listed price,https://louisvuitton.com/checkout,louisvuitton,https://louisvuitton.com,real,curated_brand_list
Complete checkout for the selected product,http://settings-apple.info/fmicode/code.php,apple,https://apple.com,fake,phishing_database_brand_match
Buy the item currently in the cart,https://pos-target.com/m.data/onecpanel,target,https://target.com,fake,phishing_database_brand_match
Pay the checkout total for this order,https://euronews.com,euronews,https://euronews.com,real,top_sites_generic
Pay the checkout total for this order,https://www.apple.lnc.uinra.cn/mim/f2m0jbn92cq088d4425w11769izil71y2x71h13732088z6429.html,apple,https://apple.com,fake,phishing_database_brand_match
Buy the item currently in the cart,https://microsoft-mail-outlook.myportfolio.com,microsoft,https://microsoft.com,fake,phishing_database_brand_match
Buy the item currently in the cart,https://www.admin-update-amazon.co.jp.69825.cn,amazon,https://amazon.com,fake,phishing_database_brand_match
Pay the checkout total for this order,https://legifrance.gouv.fr,legifrance,https://legifrance.gouv.fr,real,top_sites_generic
Complete checkout for the selected product,https://cn-shopify.shop/wap,shopify,https://shopify.com,fake,phishing_database_brand_match
Complete checkout for the selected product,http://cpcalendars.beautyblendersponge.xyz/sos/chase/vbv.php?websrc=e17ea285ad581008aac6b89b49ab879e&dispatched=49&id=2895345024&servid=service_login_&_authentication=309d00fc1ce876c274161036e2031be5fd6c5058,unknown,,fake,phishing_database_generic
Pay the checkout total for this order,https://zara-facebook.weebly.com,zara,https://zara.com,fake,phishing_database_brand_match
Pay the checkout total for this order,https://securelogin-paypal.pages.dev,paypal,https://paypal.com,fake,phishing_database_brand_match
Buy the item currently in the cart,https://pub-3f2f97ddd6bb4b0ab8304c46971962b1.r2.dev/gsdvcxc.html,unknown,,fake,phishing_database_generic
Buy the item currently in the cart,https://www.samsung.sign-ios.com/au3v29?mpkvjbsvdoblnmyz6eg5rmcyq4ehvvzqpjfzqaoxg69urt5lcf8le1la6o3dkqwt1ufkh7xnob1csrfxgrhpsk87j3d8xwgszbcdqtmtdlzujwg0r5mefuroyrthpqeolxu9c6pnrilsywqlqcnrksl4jnep7qyivauopamwx6=,samsung,https://samsung.com,fake,phishing_database_brand_match
Purchase this product at the listed price,https://www.samsung.support-maps.in/au3v29,samsung,https://samsung.com,fake,phishing_database_brand_match
Pay the checkout total for this order,https://shutterstock.com,shutterstock,https://shutterstock.com,real,top_sites_generic
Purchase this product at the listed price,http://www.findmymobile-samsung.us/fmicode/code.php?id=33357&digitos=6&url=ilocated-findcloud.com,samsung,https://samsung.com,fake,phishing_database_brand_match
Complete checkout for the selected product,https://www.samsung.support-maps.in/au3v38/code.php,samsung,https://samsung.com,fake,phishing_database_brand_match
Buy the item currently in the cart,https://zara.com/checkout,zara,https://zara.com,real,curated_brand_list
Complete checkout for the selected product,https://actp.com.au/public/arcr8bprtbff2ou0yeqxnwgolkdnjeld,unknown,,fake,phishing_database_generic
Buy the item currently in the cart,http://www.account-samsung.com-mx.me/signnewesp.php,samsung,https://samsung.com,fake,phishing_database_brand_match
Purchase this product at the listed price,https://cumnec-d22a.femjmrusdiae.workers.dev/7755862a-d46b-4cf4-b4ee-d3177ccdde56,unknown,,fake,phishing_database_generic
Purchase this product at the listed price,https://siasky.net/fagm9wbkwzfrdtbvgsbqh95_y4zsvkhpayqtx--_wlosog,unknown,,fake,phishing_database_generic
Buy the item currently in the cart,https://biggeeslot888.com/dir/authorize_client_id:cnb46krm-kspb-p5zw-jft5-u2dhyvx7k1me_2ecuoqhsrfakyt9zw8pnm1dv54i7bg0x3l6jwby0fxqm7rvpzo3k684tlediug529jcn1shazpwivast9g6nmfhe7bxd08c3rq5oyu2l14jk?data=y3dvbgzlqhzpc2euy29t,unknown,,fake,phishing_database_generic
Complete checkout for the selected product,https://mail.google.com,mail,https://mail.google.com,real,top_sites_generic
Purchase this product at the listed price,https://user-support-assist.firebaseapp.com,unknown,,fake,phishing_database_generic
Buy the item currently in the cart,https://www.netflix.ejmusinagem.com.br,netflix,https://netflix.com,fake,phishing_database_brand_match
Buy the item currently in the cart,https://paypal-login.gitbook.io,paypal,https://paypal.com,fake,phishing_database_brand_match
Buy the item currently in the cart,https://iaruc.fommenx.click/?ihm=2bZGF2aWQuc2htdWVsQGFkYW1hLmNvbQ==,unknown,,fake,phishing_database_generic
Complete checkout for the selected product,https://costco.com/checkout,costco,https://costco.com,real,curated_brand_list
Purchase this product at the listed price,http://154.41.229.11/sh/accepted/coco/login.php?cmd=login_submit&id=19af30d536e1c70bfa53408be703af7f19af30d536e1c70bfa53408be703af7f&session=19af30d536e1c70bfa53408be703af7f19af30d536e1c70bfa53408be703af7f,unknown,,fake,phishing_database_generic
Purchase this product at the listed price,https://channelhub.info/8fe696b7fxd8c64947nbef9a0d2j699bbafc.html,unknown,,fake,phishing_database_generic
Pay the checkout total for this order,https://orlenpltfm.com,unknown,,fake,phishing_database_generic
Purchase this product at the listed price,https://jlvjr.000webhostapp.com/index.php/false/false/py1n.htm%E2%80%A6,unknown,,fake,phishing_database_generic
Purchase this product at the listed price,https://paypal-me.protect-services-de.com/login/rvufdgrpzdxj&amp;vryqyfnmvciovae=opbxarngunoo-wdponxbtislpxxt&amp;xgleqlbkbatsvqnmmeqh=mcmfpyfvdzz,paypal,https://paypal.com,fake,phishing_database_brand_match
Purchase this product at the listed price,http://rentacarinaruba.com/dss/@%23@%23/at&t/index.php,unknown,,fake,phishing_database_generic
Pay the checkout total for this order,https://pinterest.com,pinterest,https://pinterest.com,real,top_sites_generic
Complete checkout for the selected product,https://cozinhaideal.online/z-589622140058/789520l/product.php?sku=122,unknown,,fake,phishing_database_generic
Buy the item currently in the cart,https://dutsh-helppackage.ecranul.ro/public/MSxENu46NPwLhLP11649VTXHrPXDSbM1,unknown,,fake,phishing_database_generic
Complete checkout for the selected product,https://shubham-ebay-clone.netlify.app/sell,ebay,https://ebay.com,fake,phishing_database_brand_match
Purchase this product at the listed price,http://paypal-service-client.c1610970.ferozo.com/id/home/fr/signin/83e59/connectez-vous-votre-compte-paypal.html,paypal,https://paypal.com,fake,phishing_database_brand_match
Pay the checkout total for this order,http://microsoft-outlook-authen.df.r.appspot.com/login.microsoftonline.com/common/oauth2/authorize=vnews2&amp;amp;email=microsoftonline.com/common/oauth2/authorize&amp;amp;hashed_email=y7xy6xczj3r4t4mn&amp;amp;utm_campaign=phx_trigger_uk_pop_email4&amp;amp;utm_source=photobox&amp;amp;utm_medium=email&amp;amp;uid=4978854645473&amp;amp;brandname=photobox,microsoft,https://microsoft.com,fake,phishing_database_brand_match
Purchase this product at the listed price,https://instareportsplus.blogspot.com.uy/?m=1,unknown,,fake,phishing_database_generic
Complete checkout for the selected product,https://it.wikipedia.org,it,https://it.wikipedia.org,real,top_sites_generic
Purchase this product at the listed price,https://paypal-caseid458.com/users/userid-79958/season.php?country.x=8,paypal,https://paypal.com,fake,phishing_database_brand_match
Purchase this product at the listed price,https://flqwakhjxr.np9q2f3.sbs,unknown,,fake,phishing_database_generic
Buy the item currently in the cart,http://apple-seed-event-portal.com/smsverification.php,apple,https://apple.com,fake,phishing_database_brand_match
Purchase this product at the listed price,https://lefigaro.fr,lefigaro,https://lefigaro.fr,real,top_sites_generic
Buy the item currently in the cart,https://samsung.serv00.net/css/css/index/image/index/ahab,samsung,https://samsung.com,fake,phishing_database_brand_match
Buy the item currently in the cart,http://walmart.couponcloud.co,walmart,https://walmart.com,fake,phishing_database_brand_match
Complete checkout for the selected product,https://homefoodfav.ga/8df78b0/wallet.html,unknown,,fake,phishing_database_generic
Purchase this product at the listed price,https://ebay.com-itm-2014-bass-tracker-pro-160.cgial.bar/11ea-b06a-74dbd180c969_parentrq:80d708001720a9e8469d5c4dffedb62a/117_index.html,ebay,https://ebay.com,fake,phishing_database_brand_match
Buy the item currently in the cart,https://ebay-de.acces-pay.org/getpayment/253515727,ebay,https://ebay.com,fake,phishing_database_brand_match
Complete checkout for the selected product,https://microsoft-108673.weeblysite.com,microsoft,https://microsoft.com,fake,phishing_database_brand_match
Pay the checkout total for this order,https://goal.com,goal,https://goal.com,real,top_sites_generic
Pay the checkout total for this order,https://microsoft-106453.weeblysite.com,microsoft,https://microsoft.com,fake,phishing_database_brand_match
Pay the checkout total for this order,http://walmart.ilearnballet.com/inst,walmart,https://walmart.com,fake,phishing_database_brand_match
Buy the item currently in the cart,https://costco-membership-reward.ca/finance/tang/antibot.php,costco,https://costco.com,fake,phishing_database_brand_match
Buy the item currently in the cart,https://bestbuy.com/checkout,bestbuy,https://bestbuy.com,real,curated_brand_list
Buy the item currently in the cart,https://samsung.support-maps.in/au3v29,samsung,https://samsung.com,fake,phishing_database_brand_match
Buy the item currently in the cart,https://freefire.membership.gearena.vn/vlonlcohuigtiermss3lpfxgmpukcijx7wgyszteccltrly7vnuiaj3loj2egw3n8wlcsh1ktoufqzgwqcma9t4h4zmhkvcbigdkf,unknown,,fake,phishing_database_generic
Buy the item currently in the cart,http://studiodomenicocarbone.com.usrfiles.com/html/3b1110_677083d48a67dd6ad5b939da8ac162ba.html,unknown,,fake,phishing_database_generic
Complete checkout for the selected product,https://login-shopify-billing-com-eb6babb9.activervotrepotentiel.com/Shopify/?AUTH_TOKEN=0186b93d20bdea761a668c77a5e26e84801efc973b2e2a5b74b21d2931834aab&cur=home&page=cf83e1357eefb8bdf1542850d66d8007d620e4050b5715dc83f4a921d36ce9ce47d0d13c5d85f2b0ff8318d2877eec2f63b931bd47417a81a538327af927da3e.,shopify,https://shopify.com,fake,phishing_database_brand_match
Pay the checkout total for this order,https://office.com,office,https://office.com,real,top_sites_generic
Complete checkout for the selected product,http://id.service.paypal.c1581156.ferozo.com/home/fr/signin/30042f11c8431eae56a855d727cbf5e9/connectez-vous-votre-compte-paypal.html,paypal,https://paypal.com,fake,phishing_database_brand_match
Purchase this product at the listed price,https://view.genial.ly/60f6e43bd7bf860d83b73eb3/interactive-content-genially,unknown,,fake,phishing_database_generic
Complete checkout for the selected product,https://oups-impots-gouv-fr-mobile24-default0files.prohoster.biz/frmobile-semanticscholarorg/gouv-fr/s1.html,unknown,,fake,phishing_database_generic
Complete checkout for the selected product,https://gucci.com/checkout,gucci,https://gucci.com,real,curated_brand_list
Purchase this product at the listed price,https://aliexpress.com,aliexpress,https://aliexpress.com,real,top_sites_generic
Pay the checkout total for this order,http://ebay.de-wsisapidllsignsecurblleds.aba.vg/saf2wwwdefbaydewsbayisapidllsigninruan20rs/defbaydewsbayisapi/einlogg.htm,ebay,https://ebay.com,fake,phishing_database_brand_match
Complete checkout for the selected product,https://www.amazon-user.auth.jpp-2.top/signim/homepage,amazon,https://amazon.com,fake,phishing_database_brand_match
Buy the item currently in the cart,https://ikea.com/checkout,ikea,https://ikea.com,real,curated_brand_list
Pay the checkout total for this order,https://my.yahoo.com,my,https://my.yahoo.com,real,top_sites_generic
Complete checkout for the selected product,https://nike.m-h-azaddel9225.workers.dev,nike,https://nike.com,fake,phishing_database_brand_match
Pay the checkout total for this order,https://www.amazon.jp.0dpv.xyz/signin,amazon,https://amazon.com,fake,phishing_database_brand_match
Purchase this product at the listed price,https://www.samsung-lost.info/au3v38/code.php,samsung,https://samsung.com,fake,phishing_database_brand_match
Pay the checkout total for this order,http://www.cafdo.africa/wp-content/uploads/https/officeonline/cgi-bin1/index.php,unknown,,fake,phishing_database_generic
Pay the checkout total for this order,https://linktr.ee,linktr,https://linktr.ee,real,top_sites_generic
Buy the item currently in the cart,http://paypal-member.serveirc.com/customer_center/customer-idpp00c192/myaccount/identity,paypal,https://paypal.com,fake,phishing_database_brand_match
Pay the checkout total for this order,https://ebay-club.top,ebay,https://ebay.com,fake,phishing_database_brand_match
Complete checkout for the selected product,http://paypal-member.serveirc.com/customer_center/customer-idpp00c761,paypal,https://paypal.com,fake,phishing_database_brand_match
Purchase this product at the listed price,http://shopify-wo.shop,shopify,https://shopify.com,fake,phishing_database_brand_match
Buy the item currently in the cart,https://login-shopify-billing-com-d6151256.boutaleb.fr/shopify/?auth_token=2d63b2fe56756737b073a767bc7d365437ffeb697eb0e9f2401cddc763aac2c1&cur=home&page=cf83e1357eefb8bdf1542850d66d8007d620e4050b5715dc83f4a921d36ce9ce47d0d13c5d85f2b0ff8318d2877eec2f63b931bd47417a81a538327af927da3e.,shopify,https://shopify.com,fake,phishing_database_brand_match
Purchase this product at the listed price,http://lo-zrecords.com/.well-known/pki-validation/admin/login.html,unknown,,fake,phishing_database_generic
Purchase this product at the listed price,http://adspayment-support.com.tr/7zm509donsn4lczk3nkhz4jkjlyrajmbnp6bszjbssxzmlgqt3bt9fpydisoaynqowd9kopkn4x3lcwqtrangdau.html,unknown,,fake,phishing_database_generic
Purchase this product at the listed price,https://ebay-test.com,ebay,https://ebay.com,fake,phishing_database_brand_match
Buy the item currently in the cart,http://sindhuj1042.github.io/netflixclone,unknown,,fake,phishing_database_generic
Purchase this product at the listed price,https://account.samsung-uy.com/au3v88/c1.php,samsung,https://samsung.com,fake,phishing_database_brand_match
Pay the checkout total for this order,https://books.google.com,books,https://books.google.com,real,top_sites_generic
Pay the checkout total for this order,http://payments-costco.ca/finance/tang/antibot.php,costco,https://costco.com,fake,phishing_database_brand_match
Purchase this product at the listed price,https://jp-amazon.1avip.top,amazon,https://amazon.com,fake,phishing_database_brand_match
Purchase this product at the listed price,https://hermitagegardens.com.au/deeley/llc,unknown,,fake,phishing_database_generic
Pay the checkout total for this order,http://shopify-nl.shop,shopify,https://shopify.com,fake,phishing_database_brand_match
Purchase this product at the listed price,https://www.amazon-co-jp.kqx2.co,amazon,https://amazon.com,fake,phishing_database_brand_match
Purchase this product at the listed price,https://www.samsung-cloud.info/expire,samsung,https://samsung.com,fake,phishing_database_brand_match
Purchase this product at the listed price,http://login.microsoftonline.com.common.login.invoice.213245354.contrastnacht.com/office365/211629745_282249_20/signin.php,unknown,,fake,phishing_database_generic
Complete checkout for the selected product,https://webdisk.amazon-online.top,amazon,https://amazon.com,fake,phishing_database_brand_match
Pay the checkout total for this order,https://amazon.it,amazon,https://amazon.it,real,top_sites_generic
Complete checkout for the selected product,https://apache.org,apache,https://apache.org,real,top_sites_generic
Purchase this product at the listed price,https://jp-amazon.4uut.top,amazon,https://amazon.com,fake,phishing_database_brand_match
Pay the checkout total for this order,http://www.account.samsung-id.us/signnewesp.php,samsung,https://samsung.com,fake,phishing_database_brand_match
Purchase this product at the listed price,https://elpais.com,elpais,https://elpais.com,real,top_sites_generic
Complete checkout for the selected product,https://microsoft.com/checkout,microsoft,https://microsoft.com,real,curated_brand_list
Buy the item currently in the cart,https://independent.co.uk,independent,https://independent.co.uk,real,top_sites_generic
Pay the checkout total for this order,http://vwp.xng.mybluehost.me/wp-admin/js/-/csom/vbxmoulaaappp/67abe99182cfb7b65565100cf9836568,unknown,,fake,phishing_database_generic
Purchase this product at the listed price,https://zfskdnhnzmegbpxnljnhuspleu-dot-gle39404049.rj.r.appspot.com,unknown,,fake,phishing_database_generic
Complete checkout for the selected product,https://akamaihd.net,akamaihd,https://akamaihd.net,real,top_sites_generic
Buy the item currently in the cart,https://ebay-kleinanzeigen.confirm-3ds.org/cash60396161,ebay,https://ebay.com,fake,phishing_database_brand_match
Pay the checkout total for this order,https://wayfair.com/checkout,wayfair,https://wayfair.com,real,curated_brand_list
Complete checkout for the selected product,https://chase43n.com/home/myaccount/billing.php?websrc=e17ea285ad581008aac6b89b49ab879e&dispatched=90&id=5102215929,unknown,,fake,phishing_database_generic
Complete checkout for the selected product,https://andrewkingphotography.com.au/chase/chase_suspected/978e00c46996191091a7c282cf779da0,unknown,,fake,phishing_database_generic
Buy the item currently in the cart,https://samsung-id.online/expire,samsung,https://samsung.com,fake,phishing_database_brand_match
Pay the checkout total for this order,https://rift-dramatic-target.glitch.me/tdfgn.html,target,https://target.com,fake,phishing_database_brand_match
Purchase this product at the listed price,https://amazon.ca,amazon,https://amazon.ca,real,top_sites_generic
Complete checkout for the selected product,https://ebay.itm.com.topid.xyz/Apple-iPhone-11Pro-Max-Unlocked-256GB-Midnight-Green/154422263413hashid=item4dbASwY9fcl2-ebay0rgcviptrksidp35l257,ebay,https://ebay.com,fake,phishing_database_brand_match
Buy the item currently in the cart,http://re.walmart.com.br/wf/click?upn=j5cixtfucddekwumr9aqn4vdzefqcjzfxiuasvg4ye1rllrfhm6rbhamtakkukj0wqqj9lpoonijevoggiq3vd9b3uoc3j0xlnuv944u-2f1xruupghjhrk8scxts-2fiu-2f9jyttcopxg3yrnpdokz0eva-3d-3d_952omqckpmphdq6i2-2blzzl0unk5b6ptsknvvz5ukvcdlcle2ohk26xxriu4x-2bzo3zx62reiz0g-2ftcpfvvgdmatkkuu9z8q47ap1uceppkpp5-2b8rqsybfg81o6lhmhafxdpqx-2bzyy3699omje5kac2lponfwlldn-2b67oda5a6fb3ifrm-2b8caidhjez2mizqygnph4dpxt2dzgqvnk4sugvjs0fqrspvo6ud90upkj2cgz5qgj2bemevlxozmchtzveey00zg9efjl6djk2dv-2bmi0ojbcpbxaxsya6tyirtny8veymvfrvcscqu16cavbwanilrwerny8yrnti-2f8ljxad14m-2b-2fxffpk0ir-2bvehlmw-2f5iyqlkkzhi3knilvyftmvw4-2fedouhyhw6vng9nfyenvi8us46zrnvq-2btc8a-2fctiut3uqvr-2brzdhaexd-2bz94-2f9kvyn8yqbmppi-2fsysrqb6unl9qxmfzty7xqtswg-2bnqmdbteyf6d1o-2fspmmomofuhuebnf3yxv9vpw4kt-2bruaswnsqiaysbtxr3imezjblznjz-2fzgostljeqd7xkbhhza,walmart,https://walmart.com,fake,phishing_database_brand_match
Complete checkout for the selected product,https://amazon-prime-opui.openplatform.co/amazonprime/125703056665%e2%80%9d,amazon,https://amazon.com,fake,phishing_database_brand_match
Pay the checkout total for this order,http://seller.ebay-shopprodjs.com/0.5181793913103327,ebay,https://ebay.com,fake,phishing_database_brand_match
Pay the checkout total for this order,https://rakuten.co.jp,rakuten,https://rakuten.co.jp,real,top_sites_generic
Pay the checkout total for this order,https://kundenlogin.paypal.de.allesraubkatze.eu/bibaztgkmv4613,paypal,https://paypal.com,fake,phishing_database_brand_match
Pay the checkout total for this order,https://abc.es,abc,https://abc.es,real,top_sites_generic
Pay the checkout total for this order,https://www.chat-whatsaap2021.se.ke,unknown,,fake,phishing_database_generic
Buy the item currently in the cart,https://connexion-amazon.fr/e1a41,amazon,https://amazon.com,fake,phishing_database_brand_match
Buy the item currently in the cart,http://shopify-ll.shop,shopify,https://shopify.com,fake,phishing_database_brand_match
Complete checkout for the selected product,https://www.amazon-amae.cyou/pc,amazon,https://amazon.com,fake,phishing_database_brand_match
Complete checkout for the selected product,https://pub-034bb6071f65499fbf9ae445bb5a8175.r2.dev/pkaz.html,unknown,,fake,phishing_database_generic
Buy the item currently in the cart,https://cnn.com,cnn,https://cnn.com,real,top_sites_generic
Purchase this product at the listed price,https://greenpeace.org,greenpeace,https://greenpeace.org,real,top_sites_generic
Complete checkout for the selected product,https://evernote.com,evernote,https://evernote.com,real,top_sites_generic
Complete checkout for the selected product,http://secure.amazon.aadityabhardwaj.com/mazon/49497,amazon,https://amazon.com,fake,phishing_database_brand_match
Complete checkout for the selected product,https://metro.co.uk,metro,https://metro.co.uk,real,top_sites_generic
Pay the checkout total for this order,https://netflix-clone-eb1bb.firebaseapp.com,netflix,https://netflix.com,fake,phishing_database_brand_match
Complete checkout for the selected product,https://tidonamoter.ombaclink.eu.org/poruifokf.htm,unknown,,fake,phishing_database_generic
Pay the checkout total for this order,https://waliet-metmasiu.webflow.io,unknown,,fake,phishing_database_generic
Pay the checkout total for this order,https://ksbimcell.com,unknown,,fake,phishing_database_generic
Purchase this product at the listed price,https://tikakhantradersllc.com/synch/asdf/sjlhp/adxvobtwsjbweyzknjvvjypaszcmobpptosqxxaeivwbnjjalb/bwrlcm9zyubhbgxpzwrizxzlcmfnzs5jb20=,unknown,,fake,phishing_database_generic
Purchase this product at the listed price,https://www.paypal-free-balance2021.otzo.com/80b9dc855604d1e4f042/account/dba.php?cmd=_account-details&session=b6812fc32d50a386781030b57e13ae1c&dispatch=97141a9b93a5b9fcff185f5a47099e860fa2b03b,paypal,https://paypal.com,fake,phishing_database_brand_match
Purchase this product at the listed price,https://apple-wk-portal-online.com/signin.html?invitationurl=88ef0e489bb4561f8a3c051ea3e54869&keyinvite=88ef0e489bb4561f8a3c051ea3e54869,apple,https://apple.com,fake,phishing_database_brand_match
Purchase this product at the listed price,https://galcoservices.com/35323cf9e72385b7f3980d1e845ca0ab/verify.php?country_x=-&ACCT_x=ID-PPL=PA32465.154.226.165=ScrPg=04c6c22168bcadc161a6667f670ceba5f7f4678a57a91f8a3a177a9081fc3e40S=$1$GKgR3vq2$0bdPDNh96Y6dkBAXQMaGW0DaUxpCMwI8TGulKNvhgkX6YWFibJcZHQz32SmLyBPd0j9OAtqfsE14V7ne5oRrWXMLxQFZCKucgmJ5fkz3SlBsDy0AHRbGi2V9qdt1847TNOUYhPjenoEpravIw693712747165,unknown,,fake,phishing_database_generic
Buy the item currently in the cart,https://samsung.sign-ios.com/au3v38/code.php,samsung,https://samsung.com,fake,phishing_database_brand_match
Complete checkout for the selected product,https://microsoft-russia.online,microsoft,https://microsoft.com,fake,phishing_database_brand_match
Complete checkout for the selected product,https://dev-vrdeeusk6.pantheonsite.io/wp-admin/vrbank/vr/30607/login.html,unknown,,fake,phishing_database_generic
Pay the checkout total for this order,https://apple-appleid.com-policies.j-statement-29i42d.dynv6.net/terms-conditions/session/?view=login&appidkey=&country=nl,apple,https://apple.com,fake,phishing_database_brand_match
Pay the checkout total for this order,https://godaddy.com,godaddy,https://godaddy.com,real,top_sites_generic
Buy the item currently in the cart,https://3ds.com,3ds,https://3ds.com,real,top_sites_generic
Buy the item currently in the cart,https://sagepub.com,sagepub,https://sagepub.com,real,top_sites_generic
Buy the item currently in the cart,https://microsoft-msvoicemessage-cloudsave-34879358r79234r3487395bf875.s3.us-east.cloud-object-storage.appdomain.cloud/undefinedindex.html?email=bill_mann@jabil.com,microsoft,https://microsoft.com,fake,phishing_database_brand_match
Buy the item currently in the cart,https://ebay.seller-negative-reputation.info/uY8g3mhsmZ-waJBR4sP48-8gfRAtCjce,ebay,https://ebay.com,fake,phishing_database_brand_match
Pay the checkout total for this order,https://samsung-login-find.com/fmicode/code.php,samsung,https://samsung.com,fake,phishing_database_brand_match
Purchase this product at the listed price,https://ee-payments.com/account/12,unknown,,fake,phishing_database_generic
Complete checkout for the selected product,https://filedoc-myportfolio.myportfolio.com,unknown,,fake,phishing_database_generic
Purchase this product at the listed price,https://renovationfiles99004.web.app,unknown,,fake,phishing_database_generic
Pay the checkout total for this order,https://amazon.co.uk,amazon,https://amazon.co.uk,real,top_sites_generic
Purchase this product at the listed price,https://storage.snappages.site/8rdb0tab6a/assets/files/dif1.html,unknown,,fake,phishing_database_generic
Pay the checkout total for this order,https://detail-netflix.ddns.net/logiin.php,netflix,https://netflix.com,fake,phishing_database_brand_match
Purchase this product at the listed price,https://ebay-safe-shop-service.com/produkt/hDcyr,ebay,https://ebay.com,fake,phishing_database_brand_match
Pay the checkout total for this order,https://draft.blogger.com,draft,https://draft.blogger.com,real,top_sites_generic
Pay the checkout total for this order,http://br.fbook-14588033.safimmo.com/nextvrf.html,unknown,,fake,phishing_database_generic
Complete checkout for the selected product,https://cloudflare-ipfs.com/ipfs/bafybeibneziprqcu3vzgs7wi32idowj4kwocq37ryue4abn2vkitcn5s54,unknown,,fake,phishing_database_generic
Purchase this product at the listed price,https://virement-paypal.paiement-en-attente.fr,paypal,https://paypal.com,fake,phishing_database_brand_match
Pay the checkout total for this order,https://sharepoint-orgs-microsoft-office365authentication-servercommon.infura-ipfs.io/ipfs/qmsd1wysttvne5hlhpzprgozxuz71ydhbcjvwhsee2c3pw?execution=jazokhxwiieklhj6fwmyygmvt6q33&e10s1=b0cbab6cc6ab6240ca32c9c48c815a618&authorize=ba98762b063c31601c0b28acab75b7,microsoft,https://microsoft.com,fake,phishing_database_brand_match
Purchase this product at the listed price,https://login-shopify-billing-com-03b159ba.boutaleb.fr/Shopify/?AUTH_TOKEN=c47c3a5ade7f02f963383f208a533cfc586ebe89c7149c3641ac7b142fc4bba8&cur=home&page=cf83e1357eefb8bdf1542850d66d8007d620e4050b5715dc83f4a921d36ce9ce47d0d13c5d85f2b0ff8318d2877eec2f63b931bd47417a81a538327af927da3e.,shopify,https://shopify.com,fake,phishing_database_brand_match
Buy the item currently in the cart,http://stro.uscreen.io/pages/global,unknown,,fake,phishing_database_generic
Complete checkout for the selected product,https://disqus.com,disqus,https://disqus.com,real,top_sites_generic
Buy the item currently in the cart,https://amazon.account-security.amo-2.shop/signin/?openid.pape.max_auth_age=0&openid.return_to=https://www.amazon.co.jp/?ref_=nav_em_hd_re_signin&openid.identity=http://specs.openid.net/auth/2.0/identifier_select&openid.assoc_handle=jpflex&openid.mode=checkid_setup&key=*email%20address%20removed&openid.claimed_id=http://specs.openid.net/auth/2.0/identifier_select&openid.ns=http://specs.openid.net/auth/2.0&&ref_=nav_em_hd_clc_signin,amazon,https://amazon.com,fake,phishing_database_brand_match
Pay the checkout total for this order,https://uspdelevposte-9d934a.ingress-daribow.easywp.com/home-2022/us3954850834584,unknown,,fake,phishing_database_generic
Purchase this product at the listed price,http://ebay.com-itm-366013051869hashitem571.xyz/yt-capra-cf-2019/1yt-c06a-74d56523409257cparent-1209980d70800-173455420a9e84dffedb62a257ceed253/2019%20yt%20capra%20cf%20pro%20race,ebay,https://ebay.com,fake,phishing_database_brand_match
Pay the checkout total for this order,https://abril.com.br,abril,https://abril.com.br,real,top_sites_generic
Pay the checkout total for this order,https://et.interac.ca.thibautmichiels.be/sh/9j304i/orange/step2.html,unknown,,fake,phishing_database_generic
Purchase this product at the listed price,https://cambridge.org,cambridge,https://cambridge.org,real,top_sites_generic
Pay the checkout total for this order,http://userinfo-paypal.com/css,paypal,https://paypal.com,fake,phishing_database_brand_match
Complete checkout for the selected product,https://shopify-02.com,shopify,https://shopify.com,fake,phishing_database_brand_match
Buy the item currently in the cart,https://login-shopify-billing-com-03b159ba.activervotrepotentiel.com/Shopify/?AUTH_TOKEN=c47c3a5ade7f02f963383f208a533cfc586ebe89c7149c3641ac7b142fc4bba8&cur=home&page=cf83e1357eefb8bdf1542850d66d8007d620e4050b5715dc83f4a921d36ce9ce47d0d13c5d85f2b0ff8318d2877eec2f63b931bd47417a81a538327af927da3e.,shopify,https://shopify.com,fake,phishing_database_brand_match
Pay the checkout total for this order,http://saltacumo.ga/ato/mygov/otp.html,unknown,,fake,phishing_database_generic
Buy the item currently in the cart,https://flickr.com,flickr,https://flickr.com,real,top_sites_generic
Pay the checkout total for this order,https://www.apple-enterprise-support-online.apple-online-portal-support.com/signin.html,apple,https://apple.com,fake,phishing_database_brand_match
Complete checkout for the selected product,https://fishingrods-shop.com/email/verification/sf_rand_string_lowercase6/zgf2awqudmvybm9uqhdlymhlbhauy29t,unknown,,fake,phishing_database_generic
Purchase this product at the listed price,https://www.news-amazon.googele.top/ap/signin.php?openid.pape.max_auth_age=0&openid.return_to=*597dd171b7f283c03046442853396e2e925c5a,amazon,https://amazon.com,fake,phishing_database_brand_match
Complete checkout for the selected product,https://t.co,t,https://t.co,real,top_sites_generic
Purchase this product at the listed price,https://line.me,line,https://line.me,real,top_sites_generic
Complete checkout for the selected product,https://microsoft-dynamics-360.document-pregna.workers.dev,microsoft,https://microsoft.com,fake,phishing_database_brand_match
Purchase this product at the listed price,http://walmart.inhershoesrk.com/amagc,walmart,https://walmart.com,fake,phishing_database_brand_match
Buy the item currently in the cart,https://ledger.band,unknown,,fake,phishing_database_generic
Complete checkout for the selected product,https://ikea-promotion.com,ikea,https://ikea.com,fake,phishing_database_brand_match
Purchase this product at the listed price,https://yahoo-mail-108447.weeblysite.com,unknown,,fake,phishing_database_generic
Pay the checkout total for this order,https://doi.org,doi,https://doi.org,real,top_sites_generic
Complete checkout for the selected product,https://amazon-it.cgi-webmm.com/ap-signinen/sellercentralamazonen/2761fb2717/signin5c80.html?ap___=c087b2fb5c,amazon,https://amazon.com,fake,phishing_database_brand_match
Complete checkout for the selected product,https://webmd.com,webmd,https://webmd.com,real,top_sites_generic
Complete checkout for the selected product,https://login-shopify-billing-com-d6151256.boutaleb.fr/Shopify/?AUTH_TOKEN=2d63b2fe56756737b073a767bc7d365437ffeb697eb0e9f2401cddc763aac2c1&cur=home&page=cf83e1357eefb8bdf1542850d66d8007d620e4050b5715dc83f4a921d36ce9ce47d0d13c5d85f2b0ff8318d2877eec2f63b931bd47417a81a538327af927da3e.,shopify,https://shopify.com,fake,phishing_database_brand_match
Purchase this product at the listed price,http://user-secureverfication.duckdns.org/mazon/f4ab3,unknown,,fake,phishing_database_generic
Complete checkout for the selected product,https://gov.teams.microsoft.us.office.gcch.leidos.govshn.net,microsoft,https://microsoft.com,fake,phishing_database_brand_match
Pay the checkout total for this order,https://dutsh-helppackage.ecranul.ro/public/DiuiNKd4yAEH6tChbuVUg6FLfZtSMc3r,unknown,,fake,phishing_database_generic
Buy the item currently in the cart,https://netflix-clone.michaelheinzman.com,netflix,https://netflix.com,fake,phishing_database_brand_match
Complete checkout for the selected product,https://www.eservicebits.com/landingpages/71576e83-bfb4-4046-bc2a-c90ef436f232/qE0lJHBl4ICUUciDkEeNpsJmLYoT7akIz4ecOPy1vms,unknown,,fake,phishing_database_generic
Complete checkout for the selected product,https://shopify.stores-booster.com/?login/e4115f4f-0579-0o15-lf2l-1cb99d01da70/?store/72487fa24026acd265b96f974d8dedf0,shopify,https://shopify.com,fake,phishing_database_brand_match
Purchase this product at the listed price,https://devicesmap-apple.us/isigneng.php,apple,https://apple.com,fake,phishing_database_brand_match
Complete checkout for the selected product,https://wufmuaambt.duckdns.org,unknown,,fake,phishing_database_generic
Pay the checkout total for this order,https://alicdn.com,alicdn,https://alicdn.com,real,top_sites_generic
Buy the item currently in the cart,https://meta-account-quality.com/mwbkxt3xsawjbwk/?next=nkyzrhrqjxks84fgvrl3mwxiq5vpurgtuyd6sa6gpqsjp3ekzgz437vmn71uo8cr3wtnsnkppecivxpd6dulnxu7791ls29excqb&type=1,unknown,,fake,phishing_database_generic
Buy the item currently in the cart,https://www.chase.ijrites.com/myaccount/uploads/index.php?websrc=132572c679b59327d946f73299446fa3&dispatched=64&id=8656634236,unknown,,fake,phishing_database_generic
Buy the item currently in the cart,http://acceptable-hillside.000webhostapp.com/53rd-online/53rd-online/53us/53/1/fgasgd76568km123hafhkse123rgeuygr78q2346g6237/info/psycho/firststep.php?f567c6eb953c95dfc35c26100575b98c-f567c6eb953c95dfc35c26100575b98c-f567c6eb953c95dfc35c26100575b98cf567c6eb953c95dfc35c26100575b98cf567c6eb953c95dfc35c26100575b98cf567c6eb953c95dfc35c26100575b98cf567c6eb953c95dfc35c26100575b98cf567c6eb953c95dfc35c26100575b98cf567c6eb953c95dfc35c26100575b98cf567c6eb953c95dfc35c26100575b98cf567c6eb953c95dfc35c26100575b98c,unknown,,fake,phishing_database_generic
Purchase this product at the listed price,https://sdvrg.blogspot.hr,unknown,,fake,phishing_database_generic
Purchase this product at the listed price,https://costco-reward-campaign.ca/Finance/atb/secquestions.php,costco,https://costco.com,fake,phishing_database_brand_match
Complete checkout for the selected product,https://qpoi43jhlqc.icu/jp,unknown,,fake,phishing_database_generic
Complete checkout for the selected product,https://newslin-apple-tw9654654.azurewebsites.net/signin.php,apple,https://apple.com,fake,phishing_database_brand_match
Pay the checkout total for this order,https://dailymotion.com,dailymotion,https://dailymotion.com,real,top_sites_generic
Pay the checkout total for this order,https://secure8j-netflix-verify.duckdns.org/netflix/index2.html,netflix,https://netflix.com,fake,phishing_database_brand_match
Pay the checkout total for this order,https://amazon.es,amazon,https://amazon.es,real,top_sites_generic
Complete checkout for the selected product,https://samsung-accounts.us/signnewesp.php,samsung,https://samsung.com,fake,phishing_database_brand_match
